"run","c_index"
1,0.686799132065074
2,0.686799132065074
3,0.686799132065074
4,0.686799132065074
5,0.686799132065074
6,0.686799132065074
7,0.686799132065074
8,0.686799132065074
9,0.686799132065074
10,0.686799132065074
11,0.686799132065074
12,0.686799132065074
13,0.686799132065074
14,0.686799132065074
15,0.686799132065074
16,0.686799132065074
17,0.686799132065074
18,0.686799132065074
19,0.686799132065074
20,0.686799132065074
