"variable","comparison","AIC_simple","AIC_flexible","LR_p_value"
"age","linear vs df2 spline",4202.61330923518,4203.90386166657,0.399627266738737
"bmi","linear vs df2 spline",4202.61330923518,4202.13755205631,0.115613754551647
"ejection_fraction","linear vs df2 spline",4202.61330923518,4204.49912984377,0.735435222897867
"log(creatinine)","linear vs df2 spline",4202.61330923518,4196.17864772363,0.00368135401236977
"sodium","linear vs df2 spline",4202.61330923518,4203.51112315535,0.293786851268617
"log(creatinine) df3 vs df2","df2 spline vs df3 spline",4196.17864772363,4196.43500232421,0.186677592641323
