"family","model","df","logLik","AIC","C_index"
"Cox","Clinical Cox",13,-2085.08932386181,4196.17864772363,0.695367179450741
"Cox","Selected-gene Cox",17,-1852.27231812269,3738.54463624538,0.84622695136249
"Royston-Parmar","RP time-fixed",18,NA,3114.43503348424,NA
"Royston-Parmar","RP time-varying NYHA",21,NA,3103.29183144381,NA
"AFT","Weibull",15,-1555.41838537425,3140.8367707485,NA
"AFT","Exponential",14,-1556.35687152859,3140.71374305718,NA
"AFT","Log-normal",15,-1531.8499367163,3093.6998734326,NA
"AFT","Log-logistic",15,-1536.88953401812,3103.77906803624,NA
